username;date;retweets;favorites;text;geo;mentions;hashtags;id;permalink
calu_barros;2018-08-09 23:32;4;43;"Mais difícil do que acabar com a corrupção, é ouvir uma conversa entre Alvaro Dias, Geraldo Alckmin, Henrique Meirelles e Marina Silva e não dormir. #DebateComLula #DebateNaBand";;;#DebateComLula #DebateNaBand;"1027744397310525441";https://twitter.com/calu_barros/status/1027744397310525441
Dudu;2018-08-09 23:22;75;218;"Henrique Meirelles criticando o atual governo #DebateBand pic.twitter.com/n1OGyxTaEX";;;#DebateBand;"1027742009791000577";https://twitter.com/Dudu/status/1027742009791000577
MaurilioBarbosa;2018-08-09 23:22;14;39;"Henrique Meirelles é tão foda que ele vai resolver os problemas do Brasil e da Venezuela. #DebateBand";;;#DebateBand;"1027741924755693569";https://twitter.com/MaurilioBarbosa/status/1027741924755693569
ondejahcivil;2018-08-09 23:22;7;13;"Henrique Meirelles está morto e todas as fotos que vemos dele são ele empalhado";;;;"1027741890274312192";https://twitter.com/ondejahcivil/status/1027741890274312192
diImabr;2018-08-09 23:22;83;462;"Gente, realmente deve estar faltando assunto num debate presidencial com o país no buraco em que está, para termos Henrique Meirelles e Alvaro Dias discutindo sobre VENEZUELA. #DebateBand";;;#DebateBand;"1027741890240765952";https://twitter.com/diImabr/status/1027741890240765952
FallenMisery00;2018-08-09 23:20;43;96;"URGENTE CANDIDATO HENRIQUE MEIRELLES ATACA OS CANDIDATOS SOLTANDO LASER pic.twitter.com/v2TetgaFQx";;;;"1027741378321756160";https://twitter.com/FallenMisery00/status/1027741378321756160
MarquesZero;2018-08-09 23:19;41;189;"Henrique Meirelles percebe ao vivo que continua vivo e consegue respirar pic.twitter.com/gyxDWIewN7";;;;"1027741209803014144";https://twitter.com/MarquesZero/status/1027741209803014144
oqdissehelena;2018-08-09 22:57;7;20;"tradução do gráfico: 1 pesquisam por geraldo pra saber como se escreve alckimin 2 pesquisam por henrique meirelles pra saber quem é henrique meirelles 3 pesquisam por marina silva pra saber o q marina silva faz no resto do ano 4 pesquisam ciro gomes memes 5 quem é cabo daciolo pic.twitter.com/tdmJdmOurO";;;;"1027735775826374661";https://twitter.com/oqdissehelena/status/1027735775826374661
catchthbreeze;2018-08-09 22:56;149;396;"HENRIQUE MEIRELLES TEM MEU VOTO SÓ POR TER FALTADO À HEMODIÁLISE PRA COMPARECER AO DEB]ATE";;;;"1027735481923121154";https://twitter.com/catchthbreeze/status/1027735481923121154
conexaopolitica;2018-08-09 22:53;33;192;"#DebateBand : Henrique Meirelles questiona Alvaro Dias sobre fracasso do governo do PT. Alvaro rebate: "O senhor que esteve lá", referindo-se ao fato de Meirelles ter sido presidente do Banco Central. Meirelles alega que não esteve no governo Dilma.";;;#DebateBand;"1027734630848503809";https://twitter.com/conexaopolitica/status/1027734630848503809
lucaroun;2018-08-09 22:50;15;65;"Henrique Meirelles representa tudo o que devemos lutar contra velho branco rico bancos";;;;"1027733785201266690";https://twitter.com/lucaroun/status/1027733785201266690
BrunoGarschagen;2018-08-09 22:49;62;651;"Muito empolgante esse diálogo entre Alvaro Dias e Henrique Meirelles . Só faltou o Eduardo Suplicy. #DebateBand";;;#DebateBand;"1027733756071702529";https://twitter.com/BrunoGarschagen/status/1027733756071702529
marceloindaniel;2018-08-09 22:49;44;61;"Candidato Henrique Meirelles #DebateBand pic.twitter.com/vaL9y7cICZ";;;#DebateBand;"1027733602904227840";https://twitter.com/marceloindaniel/status/1027733602904227840
cassianotrouble;2018-08-09 22:47;20;35;"Henrique Meirelles pic.twitter.com/gdp7xiUjXQ";;;;"1027733108450316290";https://twitter.com/cassianotrouble/status/1027733108450316290
radardamidia;2018-08-09 22:47;25;171;"Álvaros Dias e Henrique Meirelles ... duas múmias da velha e corroída política. Sem expressão, sem autenticidade. #DebateBand";;;#DebateBand;"1027733040695599105";https://twitter.com/radardamidia/status/1027733040695599105
naosoumario;2018-08-09 22:46;65;122;""o candidato Henrique Meirelles pergunta para o candidato Álvaro Dias" pic.twitter.com/M51Tp18jqq";;;;"1027732826169532417";https://twitter.com/naosoumario/status/1027732826169532417
seubrownie;2018-08-09 22:46;5897;12449;"devia ser proibido um candidato chato perguntar a outro candidato chato alvaro dias: quero perguntar para henrique meirelles mediador: infelizmente não pode, pois ambos são chatos. selecione um candidato do rol de doidos.";;;;"1027732804820525056";https://twitter.com/seubrownie/status/1027732804820525056
myqandrade;2018-08-09 22:46;30;98;"henrique meirelles se você tapar o rosto dele no debate é como se fosse o seu peru disputando a presidência";;;;"1027732797316849664";https://twitter.com/myqandrade/status/1027732797316849664
nadanovonofront;2018-08-09 22:46;159;305;"Álvaro Dias x Henrique Meirelles é o Panamá x Tunísia desse debate";;;;"1027732781550526464";https://twitter.com/nadanovonofront/status/1027732781550526464
samjovana;2018-08-09 22:45;16;50;"nossa eu achei que o henrique meirelles tinha morrido ao longo do debate";;;;"1027732742157549570";https://twitter.com/samjovana/status/1027732742157549570
rapho_;2018-08-09 23:24;8;15;"HENRIQUE MEIRELLES FALANDO PARECE O BONEQUINHO DA LUFTAL #DebateBand pic.twitter.com/q9gYnmruTr";;;#DebateBand;"1027742371738476544";https://twitter.com/rapho_/status/1027742371738476544
elciok;2018-08-09 23:21;11;21;"Henrique Meirelles gosta muito de apontar com os dedos aumentando em 300% o meme do salgado";;;;"1027741727837364225";https://twitter.com/elciok/status/1027741727837364225
alechandracomix;2018-08-09 23:19;31;91;"o henrique meirelles ta interpretando o agildo ribeiro";;;;"1027741128735514624";https://twitter.com/alechandracomix/status/1027741128735514624
tristecinha;2018-08-09 23:19;11;58;"henrique meirelles olho pra ele me preocupo de ele tombar morto";;;;"1027741070023696384";https://twitter.com/tristecinha/status/1027741070023696384
samjovana;2018-08-09 23:01;19;27;"ligue 4004 3318 para eliminar a candidata marina silva ligue 4003 3315 para eliminar henrique meirelles";;;;"1027736564288434176";https://twitter.com/samjovana/status/1027736564288434176
srdeabo;2018-08-09 23:01;10;73;"Imagina o Henrique Meirelles comendo a Marina Silva. #DebateBand";;;#DebateBand;"1027736556822511617";https://twitter.com/srdeabo/status/1027736556822511617
nabucodonosor96;2018-08-09 22:49;5;21;"Henrique Meirelles perguntando p Álvaro Dias foi a hora q todo mundo levantou p dar uma mijada";;;;"1027733659523133440";https://twitter.com/nabucodonosor96/status/1027733659523133440
ANTI0800;2018-08-09 22:49;7;60;"Henrique Meirelles tá falando nada com nada hora de idoso já tá dormindo #DebateBand pic.twitter.com/RqLBHRgfch";;;#DebateBand;"1027733585086832641";https://twitter.com/ANTI0800/status/1027733585086832641
viniciuspales;2018-08-09 22:49;14;41;"Escolha seu lado Cara de quem manja das putaria do Álvaro Dias x Biquinho de Menino contrariado do Henrique Meirelles ! #DebateBand pic.twitter.com/JxCMx2dnrr";;;#DebateBand;"1027733524781129728";https://twitter.com/viniciuspales/status/1027733524781129728
RicAmorim_;2018-08-09 22:47;6;8;"Se o Henrique Meirelles sair do assunto economia ele vai dar ERROR 404 né #DebateBand";;;#DebateBand;"1027733261232078848";https://twitter.com/RicAmorim_/status/1027733261232078848
srdeabo;2018-08-09 22:47;17;99;"MANO O QUe foi esta que o Henrique meirelles tomou do Alvaro Dias KKKKKKKKKKKKKKKKKKKKKKKKKKK #DebateBand";;;#DebateBand;"1027733066171731968";https://twitter.com/srdeabo/status/1027733066171731968
srdeabo;2018-08-09 22:46;11;66;"Henrique Meirelles e Alvaro Dias debatendo questões sobre o Brasil, pausa para ir ao banheiro ou tomar agua. #DebateBand";;;#DebateBand;"1027732937247281154";https://twitter.com/srdeabo/status/1027732937247281154
da_cia;2018-08-09 22:46;23;186;"Álvaro Dias agora quebrou a perna do Henrique Meirelles , dei boas sonrisas";;;;"1027732767797334016";https://twitter.com/da_cia/status/1027732767797334016
matheuslaneri;2018-08-09 22:45;16;94;"Nossa tinha esquecido que o Henrique Meirelles tava aí no debate #DebateBand";;;#DebateBand;"1027732633483141120";https://twitter.com/matheuslaneri/status/1027732633483141120
antoniotabet;2018-08-09 22:42;41;326;"A essa altura, o Henrique Meirelles já está cochilando. #MyNews";;;#MyNews;"1027731802469945346";https://twitter.com/antoniotabet/status/1027731802469945346
caioassuncao;2018-08-09 22:42;5;5;"Henrique meirelles já tá em casa dormindo e ngm percebeu";;;;"1027731787437498368";https://twitter.com/caioassuncao/status/1027731787437498368
erickseika;2018-08-09 22:18;64;101;"UTILIDADE PÚBLICA - Signo dos candidatos: Henrique Meirelles : Virgem Geraldo Alckmin: Escorpião Guilherme Boulos: Gêmeos Ciro Gomes: Escorpião Marina Silva: Aquário Cabo Daciolo: Áries Lula: Escorpião Jair Bolsonaro: Áries Alvaro Dias: Sagitário";;;;"1027725932235313157";https://twitter.com/erickseika/status/1027725932235313157
thiagopaiffer;2018-08-09 22:16;26;21;"Candidato Henrique Meirelles pic.twitter.com/SsSmbzOM1j";;;;"1027725410078007296";https://twitter.com/thiagopaiffer/status/1027725410078007296
sensacionalista;2018-08-09 22:16;316;1054;"#DebateBand Fala de Henrique Meirelles convenceu Henrique Meirelles a desistir de votar nele";;;#DebateBand;"1027725292234788864";https://twitter.com/sensacionalista/status/1027725292234788864
fegrisch;2018-08-09 23:22;9;19;"Henrique Meirelles foi descoberto em 1909, numa escavação de arqueólogos de Boston, em Alexandria, no Egito.";;;;"1027741845030412289";https://twitter.com/fegrisch/status/1027741845030412289
GarotaCiume;2018-08-09 23:08;14;92;"eu juro que quando o Henrique meirelles fala, eu sinto medo de ele ter um AVC ao vivo #DebateBand";;;#DebateBand;"1027738499078860800";https://twitter.com/GarotaCiume/status/1027738499078860800
Palasemple;2018-08-09 23:01;4;12;"Henrique Meirelles já conseguiu: *Fazer o Alckmin parecer ter responsabilidade social *Fazer a Marina parecer firme em suas posições *Fazer o Álvaro Dias parecer malemolente é incrível o que acontece quando catam o cara do bingo pra irem pro debate";;;;"1027736719611842561";https://twitter.com/Palasemple/status/1027736719611842561
antonioprata;2018-08-09 23:01;11;61;"Henrique Meirelles é infiltrado da Rede. Do lado dele a Marina parece o The Flash.";;;;"1027736695414898688";https://twitter.com/antonioprata/status/1027736695414898688
armandrops;2018-08-09 23:00;4;4;"HENRIQUE MEIRELLES MORRE AO VIVO RT se vc chorou";;;;"1027736358989778944";https://twitter.com/armandrops/status/1027736358989778944
JVplets;2018-08-09 22:51;3;13;"namore alguém que te olhe como Álvaro Dias olha p Henrique Meirelles pic.twitter.com/Zpa5CyHR14";;;;"1027734193474871296";https://twitter.com/JVplets/status/1027734193474871296
rscintraz;2018-08-09 22:50;6;8;"Imagens exclusivas de Henrique Meirelles no intervalo pic.twitter.com/S7ilRZzRIz";;;;"1027733963123646464";https://twitter.com/rscintraz/status/1027733963123646464
RealPauloGaspar;2018-08-09 22:50;4;7;"Alvaro Dias acaba de nocautear Henrique Meirelles ! #AlvaroDias #DebateBand";;;#AlvaroDias #DebateBand;"1027733773654405120";https://twitter.com/RealPauloGaspar/status/1027733773654405120
TamiresArantes_;2018-08-09 22:49;9;22;"Geraldo Alckmin, Henrique Meirelles e Bolsonaro: Todos eles tiveram seus papéis na aprovação das reformas do Michel Temer. Hoje, escondem seu passado recente como se nunca tivessem estado ao lado dos golpistas. #DebateBand #BoulosNaBand";;;#DebateBand #BoulosNaBand;"1027733618217701377";https://twitter.com/TamiresArantes_/status/1027733618217701377
RobertoZezinho;2018-08-09 22:48;12;27;"Henrique Meirelles e Álvaro Dias #DebateBand pic.twitter.com/rpEVuTWRIL";;;#DebateBand;"1027733442413379585";https://twitter.com/RobertoZezinho/status/1027733442413379585
edcraque;2018-08-09 22:47;7;26;"PELO AMOR DE DEUS O HENRIQUE MEIRELLES É SEM GRAÇA DEMAIS ALGUÉM TIRA ELE E COLOCA O JUNIN GALOUCURA NO LUGAR";;;;"1027733112476905473";https://twitter.com/edcraque/status/1027733112476905473
sensacionalista;2018-08-09 22:47;194;682;"#DebateBand Henrique Meirelles pic.twitter.com/V6DWpG3QVX";;;#DebateBand;"1027733044977967106";https://twitter.com/sensacionalista/status/1027733044977967106
TeIevizona;2018-08-09 22:46;23;65;"Que vraaaa na cara do Alvaro Dias no Henrique Meirelles - Pq houve fracasso no governo anterior? - O senhor que esteve lá que deveria ter essa informação... #DebateBand pic.twitter.com/ZkdnMGeLoy";;;#DebateBand;"1027732955236638720";https://twitter.com/TeIevizona/status/1027732955236638720
indiedadepre;2018-08-09 22:45;18;34;"Álvaro Dias x Henrique Meirelles é a famosa PARCERIA RIVOTRIL.";;;;"1027732612083838976";https://twitter.com/indiedadepre/status/1027732612083838976
wgarden22;2018-08-09 22:42;3;5;"Henrique Meirelles kkkk esquecido no churrasco #DebateBand";;;#DebateBand;"1027731769200717824";https://twitter.com/wgarden22/status/1027731769200717824
AlvarengaKelen;2018-08-09 22:17;7;15;"Henrique Meirelles morreu e esqueceu de deitar.";;;;"1027725610196643840";https://twitter.com/AlvarengaKelen/status/1027725610196643840
abdalafarah;2018-08-09 22:15;26;29;"Henrique Meirelles está ali para despistar o eleitor com a ideia de que Geraldo Alckmin é diferente de Temer! Temer é Meirelles! Meirelles é Alckmin! Alckmin é Temer!";;;;"1027725208281591815";https://twitter.com/abdalafarah/status/1027725208281591815
O_Bairrista;2018-08-09 22:15;10;33;"Se o Debate fosse o Garota Verão, Henrique Meirelles seria a candidata de Nova Bassano";;;;"1027725108423610369";https://twitter.com/O_Bairrista/status/1027725108423610369
nathan_goes98;2018-08-09 22:59;2;4;"Se o Henrique Meirelles levantar o braço, Deus puxa!";;;;"1027736096862552066";https://twitter.com/nathan_goes98/status/1027736096862552066
ocassambito;2018-08-09 22:48;4;7;"henrique meirelles levantou do caixão e foi pra band";;;;"1027733475959496704";https://twitter.com/ocassambito/status/1027733475959496704
thuxoliveira;2018-08-09 22:48;2;11;"henrique meirelles tá morto já só não sabe se bater um vento cai morto ali";;;;"1027733379431710723";https://twitter.com/thuxoliveira/status/1027733379431710723
DanielCara;2018-08-09 22:48;6;8;"Direita bate-bola: Bolsonaro faz tabelinha com Álvaro Dias. Henrique Meirelles , que também é do time, quis participar, mas tomou uma invertida. A platéia não conteve o riso. #DebateBand";;;#DebateBand;"1027733347294961670";https://twitter.com/DanielCara/status/1027733347294961670
tlmota;2018-08-09 22:48;34;61;"no inferno a punição pros chatos que monopolizam as conversas e nunca deixam ngm falar é assistir a um eterno debate entre álvaro dias e henrique meirelles";;;;"1027733333516664834";https://twitter.com/tlmota/status/1027733333516664834
zkadin;2018-08-09 22:47;3;6;"Álvaro Dias bateu no Henrique Meirelles igual mandou bater nos professores do estado dele.";;;;"1027733239123898369";https://twitter.com/zkadin/status/1027733239123898369
eGabrielAlves;2018-08-09 22:47;4;7;"Henrique Meirelles : Pq houve fracasso no governo anterior? Alvaro Dias: O senhor que esteve lá que deveria ter essa informação... EITA! #DebateBand";;;#DebateBand;"1027733196576894976";https://twitter.com/eGabrielAlves/status/1027733196576894976
igor_3k;2018-08-09 22:47;8;117;"Imagina o Henrique Meirelles saindo na porrada com a Marina, de rolar na porrada mesmo ia ser louco";;;;"1027733084861607937";https://twitter.com/igor_3k/status/1027733084861607937
marcelorubens;2018-08-09 22:46;20;215;"Henrique Meirelles tem voz de milionário";;;;"1027732902770036736";https://twitter.com/marcelorubens/status/1027732902770036736
leticeu;2018-08-09 22:46;5;6;"Henrique Meirelles ja virou uma múmia que nao consegue nem falar direito e o Alvaro Dias parece que ta bebado kkkkkkkkkkkk #DebateBand pic.twitter.com/8KCmvYdWGQ";;;#DebateBand;"1027732818024189953";https://twitter.com/leticeu/status/1027732818024189953
Vitor_Do_live;2018-08-09 22:46;12;25;"Hahahahahaha Henrique Meirelles precisava disso a essa altura da vida?";;;;"1027732789553233920";https://twitter.com/Vitor_Do_live/status/1027732789553233920
livialaranjeira;2018-08-09 22:45;14;90;"Alguém arruma a gravata do Henrique Meirelles , pelo amor de Deus";;;;"1027732686272647169";https://twitter.com/livialaranjeira/status/1027732686272647169
felipeffc;2018-08-09 22:45;3;3;""Candidato Henrique Meirelles , o senhor está vivo?"";;;;"1027732647404072960";https://twitter.com/felipeffc/status/1027732647404072960
Pelaipedadepre;2018-08-09 22:45;4;6;"Henrique Meirelles e Álvaro Dias será que os dois acabam vivos essa rodada?";;;;"1027732595579277313";https://twitter.com/Pelaipedadepre/status/1027732595579277313
revistaabsurda;2018-08-09 22:42;8;12;"MOSTRA O HENRIQUE MEIRELLES QUE O VEIO DEVE TÁ DORMINDO BABANDO #DebateBand";;;#DebateBand;"1027731938377969665";https://twitter.com/revistaabsurda/status/1027731938377969665
BetoSouzax;2018-08-09 22:17;6;25;"Henrique Meirelles ou Kuririn depois dos 70? #DebateBand pic.twitter.com/LSjOJORt0S";;;#DebateBand;"1027725708079116289";https://twitter.com/BetoSouzax/status/1027725708079116289
glaubermacario;2018-08-09 22:15;117;296;"Henrique Meirelles é dublado pelo Seu Peru. #DebateBand pic.twitter.com/lQFazjGbFv";;;#DebateBand;"1027725024210427904";https://twitter.com/glaubermacario/status/1027725024210427904
musaraujo;2018-08-09 22:15;23;90;"Henrique Meirelles vai falando e você acha que ele tá derretendo aos poucos e vai sumir pelo ralo diante dos seus olhos.";;;;"1027725017382043656";https://twitter.com/musaraujo/status/1027725017382043656
PablitoMarcello;2018-08-09 22:15;6;10;"Henrique Meirelles é o candidato de Temer, representa seus ataques e quer acabar com a previdência. Trabalhou para os grandes bancos. Não à toa é rechaçado em todas as pesquisas #DebateBand";;;#DebateBand;"1027724994799919105";https://twitter.com/PablitoMarcello/status/1027724994799919105
Joan_Edgley;2018-08-09 22:14;7;30;"#DebateBand o Henrique Meirelles falando da um sono desgraçado pic.twitter.com/D7FL9AjzAy";;;#DebateBand;"1027724910158856192";https://twitter.com/Joan_Edgley/status/1027724910158856192
rscintraz;2018-08-09 22:47;2;7;"Meu Deus, tá explicado, com uma pergunta, pq Henrique Meirelles está atrás do PSTU em SP. É um menino mimado assistindo aula na universidade pq disseram q era mto inteligente.";;;;"1027733115169591296";https://twitter.com/rscintraz/status/1027733115169591296
psamarco_BR;2018-08-09 22:46;2;5;"tem uns candidatos nesse debate que quando fazem pergunta ao Alckmin me faz lembrar do pastor Everaldo. Álvaro Dias Daciolo Marina Silva Henrique Meirelles pic.twitter.com/5MGfLBYS8E";;;;"1027733012702810112";https://twitter.com/psamarco_BR/status/1027733012702810112
SidneyCRF;2018-08-09 22:46;6;4;"O ALVARO DIAS DEU UM RETÃO NO PEITO DO HENRIQUE MEIRELLES COM CATEGORIA";;;;"1027732905911615488";https://twitter.com/SidneyCRF/status/1027732905911615488
df_porto;2018-08-09 22:45;4;31;"Puta que pariu Álvaro Dias e Henrique Meirelles que TORTURA";;;;"1027732740693745665";https://twitter.com/df_porto/status/1027732740693745665
clararellstab;2018-08-09 22:45;2;4;"diálogo entre henrique meirelles e alvaro dias parece que eu pus a televisão em slow motion";;;;"1027732710226362368";https://twitter.com/clararellstab/status/1027732710226362368
TorresFagner;2018-08-09 22:45;3;10;"Henrique Meirelles tem o saco no pescoço. Isso resume o debate a Band.";;;;"1027732642379309056";https://twitter.com/TorresFagner/status/1027732642379309056
LannesDelRey;2018-08-09 22:16;6;53;"Não sei por que o Henrique Meirelles tá perdendo o tempo dele ali, não terá nem 1% dos votos #DebateBand";;;#DebateBand;"1027725297473544194";https://twitter.com/LannesDelRey/status/1027725297473544194
marcelorubens;2018-08-09 22:16;19;111;"Henrique Meirelles dando “boa noite” dá vontade de dormir mesmo";;;;"1027725221887975425";https://twitter.com/marcelorubens/status/1027725221887975425
conexaopolitica;2018-08-09 22:15;4;35;"#DebateBand : Henrique Meirelles diz que não se cria emprego "no grito", mas com políticas econômicas.";;;#DebateBand;"1027725168041504769";https://twitter.com/conexaopolitica/status/1027725168041504769
oiluiz;2018-08-09 22:15;6;54;"Henrique Meirelles tem todo carisma e energia de uma maço de aipo. #EstouComBolsonaro";;;#EstouComBolsonaro;"1027725092246245382";https://twitter.com/oiluiz/status/1027725092246245382
crishoow;2018-08-09 22:15;3;2;"#DebateBand o henrique meirelles n fica vivo até o final do debate.";;;#DebateBand;"1027725035337867264";https://twitter.com/crishoow/status/1027725035337867264
Joan_Edgley;2018-08-09 22:15;3;16;"#DebateBand o discurso do Henrique Meirelles está mais torto do que a gravata dele";;;#DebateBand;"1027724991691927552";https://twitter.com/Joan_Edgley/status/1027724991691927552
mawriciw;2018-08-09 22:14;6;10;"Henrique Meirelles claramente um Lord Sith #DebateBand";;;#DebateBand;"1027724829590474753";https://twitter.com/mawriciw/status/1027724829590474753
cafecinho;2018-08-09 22:14;4;12;"o henrique meirelles eu não faço a menor ideia do que está fazendo ali acho que nem ele sabe";;;;"1027724793037172740";https://twitter.com/cafecinho/status/1027724793037172740
mordomoeugenio;2018-08-09 22:14;18;61;"Henrique Meirelles consegue ser um Alckmin ainda mais sonolento. #DebateNaBand";;;#DebateNaBand;"1027724792093454336";https://twitter.com/mordomoeugenio/status/1027724792093454336
_fuzzypickles;2018-08-09 22:14;3;8;"MANO QUEM TIROU ESSA CARCAÇA DO TUNULO. HENRIQUE MEIRELLES .";;;;"1027724786401792000";https://twitter.com/_fuzzypickles/status/1027724786401792000
leoisaway;2018-08-09 22:14;3;3;"o henrique meirelles ta morto só esqueceram de enterrar";;;;"1027724785109872641";https://twitter.com/leoisaway/status/1027724785109872641
renatadlss;2018-08-09 22:14;4;9;"henrique meirelles aparece eu começo a rir pois desenhado pela pixar";;;;"1027724784694710272";https://twitter.com/renatadlss/status/1027724784694710272
mastheuu;2018-08-09 22:14;2;5;"henrique meirelles kkkkkkkk BICHO QUEM PERMITE ESSAS COISA";;;;"1027724756332818432";https://twitter.com/mastheuu/status/1027724756332818432
jadekdd;2018-08-09 22:45;27;66;"alvaro dias e henrique meirelles hora de ir no banheiro";;;;"1027732688894078977";https://twitter.com/jadekdd/status/1027732688894078977
TozzaFla;2018-08-09 22:42;2;25;"Henrique Meirelles ta no debate? rs";;;;"1027731973031297030";https://twitter.com/TozzaFla/status/1027731973031297030
naoculpeopedro;2018-08-09 22:41;4;1;"HENRIQUE MEIRELLES ESQUECIDO EM CHURRASCO";;;;"1027731545317093376";https://twitter.com/naoculpeopedro/status/1027731545317093376
juanfilipefp06;2018-08-09 22:28;1;1;"Esse Alckmin, Ciro Gomes, Henrique Meirelles e Boulos só paga vexa ... Daciolo e Bolsonaro eleva um pouco mais o nível";;;;"1027728391770963968";https://twitter.com/juanfilipefp06/status/1027728391770963968
tristecinha;2018-08-09 22:18;5;22;"com todo respeito mas henrique meirelles ta com um pé na cova ja";;;;"1027725928145854464";https://twitter.com/tristecinha/status/1027725928145854464
PanichiRaphael;2018-08-09 22:17;9;14;"Isso, Henrique Meirelles que estava no governo desde a presidência desde Lula a Dilma (inclusive JBS), um dos maiores Ladrões do Mundo, que acabou com o Brasil, ajudou ditadura da América Latina e financiou outras na África! #EstouComBolsonaro";;;#EstouComBolsonaro;"1027725663778865152";https://twitter.com/PanichiRaphael/status/1027725663778865152
ImRenao;2018-08-09 22:17;1;6;"Henrique Meirelles é uma TORTUGUITA de chocolate branco #DebateBand pic.twitter.com/u1toiuuYcn";;;#DebateBand;"1027725552923357184";https://twitter.com/ImRenao/status/1027725552923357184
tallesfsr;2018-08-09 22:15;2;8;"Henrique Meirelles e Alckmin saindo diretamente de seus sarcofagos";;;;"1027725197699375104";https://twitter.com/tallesfsr/status/1027725197699375104
nimbussx;2018-08-09 22:15;2;9;"o henrique meirelles está muito "o que eu to fazendo aqui eu tenho 192 anos???"";;;;"1027725181060608007";https://twitter.com/nimbussx/status/1027725181060608007
marilia_mari;2018-08-09 22:15;4;3;"Henrique Meirelles , também conhecido como Temer, parte II #DebateBand";;;#DebateBand;"1027725162391789568";https://twitter.com/marilia_mari/status/1027725162391789568
Sebenelli;2018-08-09 22:14;3;5;"Henrique Meirelles tem o carisma de uma fila de banco #DebateBand";;;#DebateBand;"1027724962226991104";https://twitter.com/Sebenelli/status/1027724962226991104
__thaymachado;2018-08-09 22:14;2;1;"O Henrique Meirelles morreu e esqueceram de enterrar";;;;"1027724961899790336";https://twitter.com/__thaymachado/status/1027724961899790336
pedrobelem;2018-08-09 22:14;3;16;"gente o Henrique Meirelles é uma MÚMIA";;;;"1027724850264244224";https://twitter.com/pedrobelem/status/1027724850264244224
HelenaBischoff;2018-08-09 22:14;2;0;"será q o henrique meirelles já morreu e ninguem avisou ele";;;;"1027724826302140416";https://twitter.com/HelenaBischoff/status/1027724826302140416
guuilhermep;2018-08-09 22:14;1;3;"A vitória do Henrique Meirelles vai ser chegar vivo no final da eleição. 900 anos, coitado.";;;;"1027724823286501376";https://twitter.com/guuilhermep/status/1027724823286501376
boorigoni;2018-08-09 22:14;3;0;"henrique meirelles MORRE ao vivo";;;;"1027724820727791617";https://twitter.com/boorigoni/status/1027724820727791617
bbcbrasil;2018-08-09 22:03;21;87;"#Eleições2018 A Band inicia o 1º debate entre candidatos à Presidência da República. Participam Alvaro Dias (Podemos), Cabo Daciolo (Patriota), Ciro Gomes (PDT), Geraldo Alckmin (PSDB), Guilherme Boulos (PSOL), Henrique Meirelles (MDB), Jair Bolsonaro (PSL) e Marina Silva (Rede)";;;#Elei;"1027722083239948288";https://twitter.com/bbcbrasil/status/1027722083239948288
JoaoGAnjos;2018-08-09 21:30;2;6;"Álvaro Dias e Henrique Meirelles estão no debate da @BandTV . @joaoamoedonovo não está. Muito estranho. Eu queria saber qual o critério. #DebateBand";;@BandTV @joaoamoedonovo;#DebateBand;"1027713865306529800";https://twitter.com/JoaoGAnjos/status/1027713865306529800
TvBandnews;2018-08-09 21:10;7;16;"#DebateBand : Chega ao Grupo Bandeirantes de Comunicação o candidato ao Planalto pelo MDB, Henrique Meirelles . pic.twitter.com/A3yKu9xns1";;;#DebateBand;"1027708688264572928";https://twitter.com/TvBandnews/status/1027708688264572928
BuzzFeedNewsBR;2018-08-09 22:16;3;18;".Henrique @meirelles (MDB) diz que não se cria emprego "no grito". É um recadinho para @jairbolsonaro , que tem um estilo mais assertivo pic.twitter.com/g6lE1W3WFy";;@meirelles @jairbolsonaro;;"1027725462246764547";https://twitter.com/BuzzFeedNewsBR/status/1027725462246764547
Trompete_Coral;2018-08-09 22:15;1;13;"Onde fica esse Brasil que Henrique Meirelles construiu? Quero mudar pra lá. Kkkkk #DebateBand";;;#DebateBand;"1027725108411068416";https://twitter.com/Trompete_Coral/status/1027725108411068416
JohannsEller;2018-08-09 22:15;1;6;"Henrique Meirelles está morrendo diante das câmeras e a Band nada faz";;;;"1027725096172040192";https://twitter.com/JohannsEller/status/1027725096172040192
grrrbiel;2018-08-09 22:15;2;0;"henrique meirelles tem que ver qual o vice dele né porque eu acho que não aguenta mais 4 anos vivo não";;;;"1027725093890392064";https://twitter.com/grrrbiel/status/1027725093890392064
contraexejegue;2018-08-09 22:15;2;5;"Henrique Meirelles tem um ovo quente na boca. #CiroGomesNaBand #DebateBand";;;#CiroGomesNaBand #DebateBand;"1027725058737876992";https://twitter.com/contraexejegue/status/1027725058737876992
guidibot;2018-08-09 22:15;1;5;"marina silva e o henrique meirelles juntos tem + idade q a terra";;;;"1027725029621084160";https://twitter.com/guidibot/status/1027725029621084160
vitorcomacento;2018-08-09 22:15;1;1;"RT @brunoporquesim Henrique Meirelles e Geraldo Alckmin pra mim são a mesma pessoa. É parecido com os carecas do falecido canal esporte interativo que tinham a mesma voz e pra mim eram uma única pessoa.";;@brunoporquesim;;"1027725027486195712";https://twitter.com/vitorcomacento/status/1027725027486195712
tudo_e_nada;2018-08-09 22:15;1;1;"Henrique Meirelles : puro entusiasmo! #DebateBand";;;#DebateBand;"1027725006288154625";https://twitter.com/tudo_e_nada/status/1027725006288154625
matheussouzabob;2018-08-09 22:14;1;0;"Henrique Meirelles na maior cara lavada kkkk";;;;"1027724957747474434";https://twitter.com/matheussouzabob/status/1027724957747474434
tatialvest;2018-08-09 22:14;1;1;"Henrique Meirelles falo igual robô gente #DebateBand";;;#DebateBand;"1027724855448350721";https://twitter.com/tatialvest/status/1027724855448350721
igoralve;2018-08-09 22:14;1;1;"#DebateBand Henrique Meirelles . Mais um sem proposta.";;;#DebateBand;"1027724835277942785";https://twitter.com/igoralve/status/1027724835277942785
danielmresende;2018-08-09 22:14;1;3;"Pq o Maluf está dublando o Henrique Meirelles ?";;;;"1027724823487832064";https://twitter.com/danielmresende/status/1027724823487832064
gabriewlw;2018-08-09 22:14;1;2;"Henrique Meirelles tinha que casar com a Marina, casal bonito";;;;"1027724817133449216";https://twitter.com/gabriewlw/status/1027724817133449216
abpedroso;2018-08-09 22:14;1;1;"Henrique Meirelles tá só o farelo do Doritos #DebateBand";;;#DebateBand;"1027724802629529600";https://twitter.com/abpedroso/status/1027724802629529600
fsorciety;2018-08-09 22:14;5;0;"henrique meirelles ta o proprio jose serra, so falta jogar a terra";;;;"1027724765493121025";https://twitter.com/fsorciety/status/1027724765493121025
tarjaprtx;2018-08-09 22:14;1;4;"henrique meirelles a alma ja subiu esqueceram de enterrar o corpo";;;;"1027724754004992001";https://twitter.com/tarjaprtx/status/1027724754004992001
destak;2018-08-09 21:35;2;16;"'Sou o candidato da renda, do progresso' é a frase de Henrique Meirelles na entrada da Band para o debate: pic.twitter.com/mKbghPakWj";;;;"1027715024939307008";https://twitter.com/destak/status/1027715024939307008
RevistaISTOE;2018-08-09 21:18;11;47;"#ELEIÇÕES2018 Hoje às 22h acontece o primeiro debate com os candidatos à Presidência da República na Band. Os presidenciáveis Geraldo Alckmin, Jair Bolsonaro, Guilherme Boulos, Álvaro Dias, Cabo Daciolo, Marina Silva, Henrique Meirelles e Ciro Gomes já chegaram nos estúdios pic.twitter.com/JCMAIuXhVI";;;#ELEI;"1027710743611891713";https://twitter.com/RevistaISTOE/status/1027710743611891713
radiobandnewsfm;2018-08-09 21:10;4;14;"O presidenciável Henrique Meirelles , do MDB, chega ao Grupo Bandeirantes de Comunicação para o #DebateBand pic.twitter.com/waZOWTs8X8";;;#DebateBand;"1027708654424866816";https://twitter.com/radiobandnewsfm/status/1027708654424866816
MarkosOliveira;2018-08-09 20:29;15;51;"Henrique Meirelles , candidato do PMDB acha que o casamento entre pessoas do mesmo gênero "não pode ser nem propagado, nem proibido". Tb acho que o casamento entre heteros deveria parar de ser propagado. Nos pouparia muitos clichês em finais de novela. https:// m.oglobo.globo.com/brasil/henriqu e-meirelles-desconversa-sobre-protecao-grupo-de-temer-caso-eleito-22951871 … pic.twitter.com/FVjfBsvmf9";;;;"1027698512329420801";https://twitter.com/MarkosOliveira/status/1027698512329420801
VihHLee;2018-08-09 22:15;1;1;"Henrique Meirelles é tipo o pai do Drácula em Hotel Transilvânia E o Drácula todo mundo sabe que é o Temer #DebateBand";;;#DebateBand;"1027725026345271296";https://twitter.com/VihHLee/status/1027725026345271296
ricardomadeira;2018-08-09 22:15;0;0;"Henrique Meirelles o jiglypuff do #debateBand";;;#debateBand;"1027724967037816832";https://twitter.com/ricardomadeira/status/1027724967037816832
robgordon_sp;2018-08-09 22:14;1;7;"O Henrique Meirelles virou aquela tartaruga que aposta corrida com o Pernalonga.";;;;"1027724942446604288";https://twitter.com/robgordon_sp/status/1027724942446604288
patticastro;2018-08-09 22:14;1;1;"Eu tenho toque, não está fácil pra mim ver o Henrique Meirelles com essa gravata torta... Alguém arruma, por favor !!! #DebateBand";;;#DebateBand;"1027724919302500352";https://twitter.com/patticastro/status/1027724919302500352
VitorHTavares_;2018-08-09 22:14;1;0;"Tinha até esquecido da existência do Henrique Meirelles";;;;"1027724900382007305";https://twitter.com/VitorHTavares_/status/1027724900382007305
coisasdokaue;2018-08-09 22:14;1;1;"o henrique meirelles é, talvez, o mais nojento dos candidatos... #DebateBand";;;#DebateBand;"1027724885047562246";https://twitter.com/coisasdokaue/status/1027724885047562246
masmarielisa;2018-08-09 22:14;1;0;"Henrique Meirelles finalmente saiu de seu sarcófago";;;;"1027724875195187201";https://twitter.com/masmarielisa/status/1027724875195187201
danieltuita;2018-08-09 22:14;2;2;"achei que henrique meirelles estivesse imitando o boechat";;;;"1027724868907933696";https://twitter.com/danieltuita/status/1027724868907933696
trick__________;2018-08-09 22:14;1;1;"#DebateBand Henrique Meirelles ?? É sério isso?";;;#DebateBand;"1027724858459914246";https://twitter.com/trick__________/status/1027724858459914246
bitoris;2018-08-09 22:14;1;5;"o henrique meirelles parece um saco mal rapado #DebateBand";;;#DebateBand;"1027724856647921664";https://twitter.com/bitoris/status/1027724856647921664
rodrigomattar71;2018-08-09 22:14;2;4;"Henrique Meirelles é um OVNI neste debate. #DebateBand";;;#DebateBand;"1027724836028788736";https://twitter.com/rodrigomattar71/status/1027724836028788736
thhlb;2018-08-09 22:14;1;1;"henrique meirelles planta";;;;"1027724743477288962";https://twitter.com/thhlb/status/1027724743477288962
thiagoliveir4_;2018-08-09 22:07;0;6;"Sacanagem foi panelar o João Amoedo, o único que consegue argumentar com o próprio é o Henrique Meirelles";;;;"1027723080951627776";https://twitter.com/thiagoliveir4_/status/1027723080951627776
rosa_riscala;2018-08-09 19:30;6;42;"Participam do debate na Band hoje (22h): Jair Bolsonaro (PSL), Geraldo Alckmin (PSDB), Marina Silva (Rede), Ciro Gomes (PDT), Alvaro Dias (Pode), Henrique Meirelles (MDB), Guilherme Boulos (PSOL) e Cabo Daciolo (Patri).";;;;"1027683601377374208";https://twitter.com/rosa_riscala/status/1027683601377374208
BlogDoPim;2018-08-09 18:11;575;2830;"Marina Silva será clara e assertiva no #DebateBand ? Admitirá que Lula cometeu crimes, não “erros”? Henrique Meirelles e Alvaro Dias conseguirão ser cativantes e ganhar um protagonismo que não têm? Guilherme Boulos invadirá o espaço dos outros para roubar a cena? Separem a pipoca.";;;#DebateBand;"1027663805042622466";https://twitter.com/BlogDoPim/status/1027663805042622466
brunopsda;2018-08-09 17:08;5;11;"Guilherme Boulos no debate: Vou invadir a sua Propriedade. Marina Silva no debate: Vamos tomar um suco detox; Henrique Meirelles no debate: Falando algo que não é possível entender; Ciro Gomes no debate: Viado filho da puta, pra casa;";;;;"1027647889932210176";https://twitter.com/brunopsda/status/1027647889932210176
willmummy;2018-08-09 12:21;19;52;"Caiu de 1% para 0,7% a intenção de voto no Henrique Meirelles . É a força eleitoral do Temer começando a funcionar!!!";;;;"1027575715309477888";https://twitter.com/willmummy/status/1027575715309477888
omatheuslima_;2018-08-07 12:28;73;273;"A Coluna do Estadão publica que, como Jair Bolsonaro não desidratou como se esperava, as campanhas de Henrique Meirelles e Geraldo Alckmin vão atacá-lo com vídeos que mostram Bolsonaro descontrolado ou dizendo bobagens. So não dá para dizer que Bolsonaro é corrupto.";;;;"1026852616523931648";https://twitter.com/omatheuslima_/status/1026852616523931648
GABRELPlNHEIRO;2018-08-06 23:11;50;360;"Candidatos que vão no debate da Band, quinta: Jair Bolsonaro Marina Silva Ciro Gomes Geraldo Alckmin Henrique Meirelles Alvaro Dias Cabo Daciolo Guilherme Boulos";;;;"1026652119527567360";https://twitter.com/GABRELPlNHEIRO/status/1026652119527567360
trevosan_;2018-08-09 22:14;0;1;"Henrique Meirelles fala engraçadinho né? Hihihi";;;;"1027724872225619973";https://twitter.com/trevosan_/status/1027724872225619973
tainecorrea;2018-08-09 22:14;1;1;"A voz do Henrique Meirelles é igual a minha quando pego gripe #DebateBand";;;#DebateBand;"1027724860481527808";https://twitter.com/tainecorrea/status/1027724860481527808
Brugger_L;2018-08-09 22:14;0;1;"#DebateBand Acho que o Henrique Meirelles não resiste até fim do debate... Ahahahah";;;#DebateBand;"1027724858992586752";https://twitter.com/Brugger_L/status/1027724858992586752
galotravis;2018-08-09 22:14;0;2;"Henrique Meirelles carisma em pessoa. Ahduahsushuaa";;;;"1027724854450167808";https://twitter.com/galotravis/status/1027724854450167808
vicoqueiro;2018-08-09 22:14;0;4;"henrique meirelles ta morto e num sabe";;;;"1027724852973719554";https://twitter.com/vicoqueiro/status/1027724852973719554
FuteCurioso;2018-08-09 22:14;1;11;"Henrique Meirelles #DebateBand";;;#DebateBand;"1027724851535073280";https://twitter.com/FuteCurioso/status/1027724851535073280
4dedos__;2018-08-09 22:14;0;1;"Henrique Meirelles tá mais morto do que vivo";;;;"1027724844530585605";https://twitter.com/4dedos__/status/1027724844530585605
Camiloush;2018-08-09 22:14;0;2;"Esse Henrique Meirelles veio direto da cova pro debate?";;;;"1027724830580400128";https://twitter.com/Camiloush/status/1027724830580400128
EitaJow;2018-08-09 22:14;0;0;"Henrique Meirelles is the new Serra. A saga dos vampiros continua";;;;"1027724814046441472";https://twitter.com/EitaJow/status/1027724814046441472
pe_marques;2018-08-09 22:14;0;1;"Henrique Meirelles é o “novo” Serra?";;;;"1027724807188754437";https://twitter.com/pe_marques/status/1027724807188754437
fabiomelloedf;2018-08-09 22:14;0;0;"#DebateBand Henrique Meirelles kkkkkkkkkkkkk para meu !!";;;#DebateBand;"1027724801794826245";https://twitter.com/fabiomelloedf/status/1027724801794826245
clabarreto;2018-08-09 22:14;1;5;"Oba, Henrique Meirelles , vou no banheiro";;;;"1027724801727778818";https://twitter.com/clabarreto/status/1027724801727778818
Duds_Junior;2018-08-09 22:14;0;0;"Henrique Meirelles KKKKKKKKKKKKK muito morto #DebateBand";;;#DebateBand;"1027724800926670849";https://twitter.com/Duds_Junior/status/1027724800926670849
augustogtt;2018-08-09 22:14;0;3;"O HENRIQUE MEIRELLES NEM CONSEGUE FALAR DIREITO O CARA VAI MORRER NO MEIO DO MANDATO TIO";;;;"1027724799857119233";https://twitter.com/augustogtt/status/1027724799857119233
rodsgo;2018-08-09 21:54;1;0;"candidatura do Henrique Meirelles é a mais errada";;;;"1027719736874950656";https://twitter.com/rodsgo/status/1027719736874950656
usevitor;2018-08-09 17:51;0;1;"Brazilian horror story: Henrique meirelles";;;;"1027658742278565889";https://twitter.com/usevitor/status/1027658742278565889
SchuldinerSieg;2018-08-07 09:37;18;182;"Lista de candidatos confirmados no debate da Band. A grande pergunta é: O que o Cabo Daciolo tá fazendo aí? Jair Bolsonaro Marina Silva Ciro Gomes Geraldo Alckmin Henrique Meirelles Alvaro Dias Cabo Daciolo Guilherme Boulos";;;;"1026809520536936448";https://twitter.com/SchuldinerSieg/status/1026809520536936448
miltonjung;2018-08-06 09:58;158;486;"Candidatos a Presidente Jair Bolsonaro (PSL) Lula (PT) Geraldo Alckmin (PSDB) Marina Silva (Rede) Ciro Gomes (PDT) Henrique Meirelles (MDB) Alvaro Dias (Podemos) Guilherme Boulos (PSOL) João Amoêdo (Novo) Eymael (DC) Vera Lúcia(PSTU) João Goulart F (PPL) Cabo Daciolo (Patriotas)";;;;"1026452408300445696";https://twitter.com/miltonjung/status/1026452408300445696
DamaresAlves_;2018-08-05 20:55;172;528;"QUE PALHAÇADA É ESTA MESMO? Os candidatos a presidência ficaram loucos? O PSDB estuda legalizar as drogas. O Meireles se eleito vai legalizar a maconha. Quem está por trás de tudo isto? Será que tem megainvestidor financiando campanhas presidenciais? https:// istoe.com.br/eleito-vou-lib erar-o-uso-da-maconha/#…";;;#;"1026255497182306304";https://twitter.com/DamaresAlves_/status/1026255497182306304
saantosalyssa;2018-08-09 22:14;0;0;"Henrique Meirelles is the new José Serra";;;;"1027724830232272896";https://twitter.com/saantosalyssa/status/1027724830232272896
senhordeivid;2018-08-09 22:14;0;3;"Henrique Meirelles morreu e esqueceram de enterrar #DebateBand";;;#DebateBand;"1027724828499955718";https://twitter.com/senhordeivid/status/1027724828499955718
RealMarilia;2018-08-09 22:14;0;1;"Henrique Meirelles foi transformado em vampiro pelo temer #DebateBand";;;#DebateBand;"1027724815673769985";https://twitter.com/RealMarilia/status/1027724815673769985
MiticoPika;2018-08-09 22:14;1;2;"Henrique Meirelles engoliu um piru e foi pro debate";;;;"1027724813148798976";https://twitter.com/MiticoPika/status/1027724813148798976
juaopoulsen;2018-08-09 22:14;0;0;"Mano o Henrique Meirelles não sabe oq tá fazendo ali";;;;"1027724811429142534";https://twitter.com/juaopoulsen/status/1027724811429142534
KurtNiaboc;2018-08-09 22:14;0;0;"Esse Henrique Meirelles tem uma batata na boca?";;;;"1027724808094732288";https://twitter.com/KurtNiaboc/status/1027724808094732288
parrrela;2018-08-09 22:14;0;1;"O Henrique Meirelles parece um dedão né";;;;"1027724796199612418";https://twitter.com/parrrela/status/1027724796199612418
chriskax;2018-08-09 22:14;1;0;"Henrique Meirelles CÊ NÃO TINHA NEM QUE ESTÁ AQUI LINDA";;;;"1027724792332513280";https://twitter.com/chriskax/status/1027724792332513280
fcdavidjr;2018-08-09 22:14;0;0;"Alguém avisa que Henrique Meirelles tá morto. #DebateBand";;;#DebateBand;"1027724786452099077";https://twitter.com/fcdavidjr/status/1027724786452099077
marxtheus;2018-08-09 22:14;0;1;"henrique meirelles é café com leite";;;;"1027724776092184577";https://twitter.com/marxtheus/status/1027724776092184577
alessandralaisf;2018-08-09 22:14;0;1;"henrique meirelles com um pinto na boca so pode #DebateBand";;;#DebateBand;"1027724772191424512";https://twitter.com/alessandralaisf/status/1027724772191424512
sagucomcreme;2018-08-09 22:14;0;0;"o henrique meirelles é o plínio dessa eleição";;;;"1027724768760475649";https://twitter.com/sagucomcreme/status/1027724768760475649
sebastinath;2018-08-09 22:14;0;0;"Henrique Meirelles ta só o suco do crack #DebateBand";;;#DebateBand;"1027724763530190848";https://twitter.com/sebastinath/status/1027724763530190848
cvmacedog;2018-08-09 22:14;1;0;"Henrique Meirelles vai entrar pro bolão Alô @Konther até o fim do debate #DebateBand";;@Konther;#DebateBand;"1027724762481668098";https://twitter.com/cvmacedog/status/1027724762481668098
madeinquatituba;2018-08-09 22:14;0;3;"henrique meirelles tao feinho tadinho";;;;"1027724750917971968";https://twitter.com/madeinquatituba/status/1027724750917971968
lucas_farizel;2018-08-09 22:14;0;1;"Henrique Meirelles tava dormindo.";;;;"1027724722807746561";https://twitter.com/lucas_farizel/status/1027724722807746561
WagnerJaques;2018-08-09 22:13;0;1;"Abre aspas para a Marina Silva: "Aqueles que criaram o problema não vão resolver o problema" Não gosto dela, mas, ela foi perfeita nessa frase. E tem gente querendo votar em Lula, Fernando Haddad, Geraldo Alckmin, Henrique Meirelles , Ciro Gomes, PT, MDB, PSDB, PDT e afins...";;;;"1027724558453882880";https://twitter.com/WagnerJaques/status/1027724558453882880
rd1oficial;2018-08-08 14:50;16;35;"ATENÇÃO! Band acaba de informar os candidatos que estarão presentes no debate de amanhã, às 22h: Álvaro Dias (Podemos), Cabo Daciolo (Patriota), Geraldo Alckmin (PSDB), Marina Silva (Rede), Jair Bolsonaro (PSL), Guilherme Boulos (PSOL), Henrique Meirelles (MDB) e Ciro Gomes (PDT)";;;;"1027250649958936576";https://twitter.com/rd1oficial/status/1027250649958936576
pauloap;2018-08-06 23:10;566;2198;"SAIU A LISTA DOS CANDIDATOS CONFIRMADOS NO DEBATE DA BAND Jair Bolsonaro Marina Silva Ciro Gomes Geraldo Alckmin Henrique Meirelles Alvaro Dias Cabo Daciolo Guilherme Boulos é nesta quinta-feira agora, dia 09, 22h";;;;"1026651653783662592";https://twitter.com/pauloap/status/1026651653783662592
leonelcupertino;2018-08-05 21:39;7;8;"Oito candidatos à presidência devem ir ao debate da @BandTV , na quinta-feira (9). São eles: Henrique Meirelles (MDB); Geraldo Alckmin (PSDB); Marina Silva (Rede); Ciro Gomes (PDT); Alvaro Dias (PODE); Manuela D'Ávila (PCdoB); Guilherme Boulos (PSOL); e Jair Bolsonaro (PSL).";;@BandTV;;"1026266584871051264";https://twitter.com/leonelcupertino/status/1026266584871051264
Ds_sccp;2018-08-09 22:14;0;0;"Esse Henrique Meirelles ta morto já";;;;"1027724784258490373";https://twitter.com/Ds_sccp/status/1027724784258490373
Cleisla_Falcao;2018-08-09 22:14;0;0;"Henrique Meirelles";;;;"1027724771650363392";https://twitter.com/Cleisla_Falcao/status/1027724771650363392
joaopedro_cita;2018-08-09 22:14;0;0;"henrique meirelles kkkkkkkkkkkk";;;;"1027724747457605632";https://twitter.com/joaopedro_cita/status/1027724747457605632
icsantanaic;2018-08-09 22:09;0;0;"Daciolo até que deu uma parcela de uma boa resposta, Henrique Meirelles mais ainda. Álvaro Dias nem merece dar voz a sua pseudoresposta. #DebateBand";;;#DebateBand;"1027723552731131904";https://twitter.com/icsantanaic/status/1027723552731131904
ThiagoSilvaWeb;2018-08-09 22:05;0;1;"Já de olho no debate e na planilha do @Don_Kuga com atualizações sobre Henrique Meirelles e Cabo Daciolo... #DebateBand";;@Don_Kuga;#DebateBand;"1027722475487088640";https://twitter.com/ThiagoSilvaWeb/status/1027722475487088640
mixaeuu;2018-08-09 22:02;0;1;"henrique meirelles ? kkkkkkkkkkkkkkkkkkkkk #DebateBand";;;#DebateBand;"1027721692737679360";https://twitter.com/mixaeuu/status/1027721692737679360
lemiroirnoir;2018-08-09 21:53;0;0;"meu aniversario coincide só com desgraça morte da princesa diana impeachment da dilma nascimento do henrique meirelles";;;;"1027719616083177472";https://twitter.com/lemiroirnoir/status/1027719616083177472
daniel_hd;2018-08-09 21:37;0;0;"henrique meirelles não ganha nem pra prefeito de Anapolis, que dirá dono das capitanias hereditárias";;;;"1027715515802955776";https://twitter.com/daniel_hd/status/1027715515802955776
vulgomatias;2018-08-09 21:30;2;1;"Estarão presentes Álvaro Dias (Podemos), Cabo Daciolo (Patriota), Ciro Gomes (PDT), Geraldo Alckmin (PSDB), Guilherme Boulos (PSOL), Henrique Meirelles (MDB), Jair Bolsonaro (PSL) e Marina Silva (Rede).";;;;"1027713870838857729";https://twitter.com/vulgomatias/status/1027713870838857729
letanaka_;2018-08-09 16:40;0;3;"eu acabei de falar com o henrique meirelles no telefone e nem sabia se soubesse teria soltado um FOI GOLPE";;;;"1027640855417548801";https://twitter.com/letanaka_/status/1027640855417548801
BoulosGaucho;2018-08-09 13:47;0;5;"Henrique Meirelles Memes: versão sincera. pic.twitter.com/RNayBa77RO";;;;"1027597149335433216";https://twitter.com/BoulosGaucho/status/1027597149335433216
Joseph_Bentes;2018-08-09 13:10;1;2;"Hoje tem TALCKMIN, Marina, Bolsominion, Cirão da massa, Henrique Meirelles E BOULOS! BOULOS!";;;;"1027587997838008322";https://twitter.com/Joseph_Bentes/status/1027587997838008322
vinibanshee;2018-08-09 10:09;18;20;"Geraldo Alckmin - R$ 828,1 milhões Lula - R$ 269,8 milhões Henrique Meirelles - R$ 249 milhões Alvaro Dias - R$ 83,8 milhões Ciro Gomes - R$ 73,9 milhões Marina Silva - R$ 35,3 milhões Guilherme Boulos - R$ 22,4 milhões Jair Bolsonaro - R$ 12,9 milhões https:// congressoemfoco.uol.com.br/eleicoes/colig acao-de-alckmin-vai-ficar-com-metade-de-novo-fundo-bilionario/ …";;;;"1027542281279156224";https://twitter.com/vinibanshee/status/1027542281279156224
fernandocluiz;2018-08-08 20:21;3;62;"Henrique Meirelles é otimo. pena que nao ganha. mas é otimo. E rico pela iniciativa privada, nao sendo um adendo do governo, como os demais .. Alckimin, Bozo, Ciro, etc.";;;;"1027333973536645121";https://twitter.com/fernandocluiz/status/1027333973536645121
PanichiRaphael;2018-08-07 13:54;71;116;"A esquerda e os corruptos do centrão estão unidos sim! A Coluna do Estadão publica que, como Jair Bolsonaro não desidratou como se esperava, as campanhas de Henrique Meirelles e Geraldo Alckmin vão atacá-lo com vídeos que tentem minar Bolsonaro. Você acredita nessa quadrilha? pic.twitter.com/EBJ1PA0htZ";;;;"1026874225305546752";https://twitter.com/PanichiRaphael/status/1026874225305546752
BlogdoNoblat;2018-08-05 00:23;13;116;"Procura-se um candidato a presidente da República que se ofereça para dar continuidade à plataforma do governo Temer. Nem Henrique Meirelles , ministro da Fazenda de Temer até um dia desses, candidato dele mesmo e abrigado no PMDB, quer se prestar a esse papel.";;;;"1025945386480009216";https://twitter.com/BlogdoNoblat/status/1025945386480009216
EvelyneLessa;2018-08-04 00:18;13;85;"- Geraldo Alckmin e Ana Amélia. - Jair Bolsonaro e Janaína Paschoal. - Henrique Meirelles e Marta Suplicy. Com essas chapas candidatas à presidência, seja lá qual for o candidato do PT, voto de olho fechado. E você?";;;;"1025581777409269760";https://twitter.com/EvelyneLessa/status/1025581777409269760
sidneyrezende;2018-08-03 21:23;42;165;"Henrique Meirelles é um economista talentoso. Mas em outubro o eleitor julgará suas escolhas políticas. Uma delas foi abraçar Michel Temer. O mesmo que tem um patrimônio imobiliário que cresceu quase cinco vezes em vinte anos e chega a 33 milhões de reais. Pode isso, Arnaldo ?";;;;"1025537682477408257";https://twitter.com/sidneyrezende/status/1025537682477408257
italoalves;2018-08-09 12:34;0;6;"Sonhei que o Henrique Meirelles era professor substituto no departamento e não tava conseguindo entrar na sala dos professores depois que tinham instalado fechadura eletrônica, aí tava na frente esperando algum outro professor passar pra entrar junto. Bom dia.";;;;"1027578895212728320";https://twitter.com/italoalves/status/1027578895212728320
LuizHespanha;2018-08-09 12:03;1;1;"#DebateBand Interessadíssimo nas propostas do Cabo Daciolo sobre a política nuclear brasileira e nas propostas de Henrique Meirelles sobre juros bancários e taxação das grandes fortunas.";;;#DebateBand;"1027570957286879233";https://twitter.com/LuizHespanha/status/1027570957286879233
cynaramenezes;2018-08-08 15:33;5;49;"de fato o henrique meirelles é fofo, hein? #SQN pic.twitter.com/rWBkDGXQy0";;;#SQN;"1027261488841588737";https://twitter.com/cynaramenezes/status/1027261488841588737
nadanovonofront;2018-08-08 12:13;5;16;"Continua: Guilherme Boulos (PSOL) 1,0 João Amoêdo (Novo) 0,8 Vera Lúcia (PSTU) 0,8 Henrique Meirelles (MDB) 0,7 Levy Fidelix (PRTB) 0,3 João Goulart Filho (PPL) 0,3 Eymael (DC) 0,1 Paulo Rabello de Castro (PSC) 0,1";;;;"1027211172821565441";https://twitter.com/nadanovonofront/status/1027211172821565441
GloboNews;2018-08-07 23:50;9;67;"GloboNews entrevista Henrique Meirelles , candidato do MDB à presidência: https:// glo.bo/2LZdSeX pic.twitter.com/7keul55352";;;;"1027024166992662536";https://twitter.com/GloboNews/status/1027024166992662536
belinha_Inez;2018-08-07 13:44;0;7;"Precisa ser muito loser pra votar no Henrique Meirelles , cara...";;;;"1026871734962741248";https://twitter.com/belinha_Inez/status/1026871734962741248
GABRELPlNHEIRO;2018-08-06 23:12;8;140;"Mano, dava pra cortar o Henrique Meirelles , Cabo Daciolo e Guilherme Boulos Os caras tem 1 ou 2%";;;;"1026652291968000001";https://twitter.com/GABRELPlNHEIRO/status/1026652291968000001
CaetanoBezerra;2018-08-06 21:12;2;7;"O PMDB inventar Henrique Meirelles candidato só pra ficar de butuca e se aliar com quem ganhar é a genialidade da pilantragem";;;;"1026621979728732162";https://twitter.com/CaetanoBezerra/status/1026621979728732162
OGloboPolitica;2018-08-06 10:17;8;5;"Henrique Meirelles desconversa sobre proteção a grupo de Temer, caso eleito. http:// glo.bo/2OihMfF pic.twitter.com/rKLxGcGUQm";;;;"1026457286334660609";https://twitter.com/OGloboPolitica/status/1026457286334660609
decademartori;2018-08-05 12:39;4;31;"Candidato à Presidência Henrique Meirelles chegou à convenção do MDB do Rio Grande do Sul para anunciar o ex-governador gaúcho Germano Rigotto como seu vice na chapa @GauchaZH pic.twitter.com/6mQZaYZDOI";;@GauchaZH;;"1026130656777187328";https://twitter.com/decademartori/status/1026130656777187328
bbecarvalho_;2018-08-05 12:04;4;5;"confirmados até agora para Presidente: Álvaro Dias Cabo Daciolo Ciro Gomes Geraldo Alckmin Guilherme Boulos Henrique Meirelles Jair Bolsonaro João Amoêdo José Maria Eymael Luiz Inácio Lula da Silva Manuela D' Ávila Marina Silva Vera Lúcia ESTUDEM sobre eles!!!!!!!";;;;"1026121744829046784";https://twitter.com/bbecarvalho_/status/1026121744829046784
_carlos_machado;2018-08-05 10:47;3;11;"Hoje à noite, no Jornal de Domingo, entrevista exclusiva com Henrique @meirelles , candidato do @MDB_Nacional à presidência da República. Gargalos na infraestrutura do RS, compensações da Lei Kandir e outros temas a partir das 22h. @RdGuaibaOficial #LigaNaGuaíba pic.twitter.com/1izQXIHGra";;@meirelles @MDB_Nacional @RdGuaibaOficial;#LigaNaGua;"1026102493544165376";https://twitter.com/_carlos_machado/status/1026102493544165376
rosaneoliveira;2018-08-04 09:59;13;63;"Henrique Meirelles confirma vinda a Porto Alegre amanhã para a convenção do MDB. Sinal de que Germano @rigotto será mesmo o vice.";;@rigotto;;"1025727902690750464";https://twitter.com/rosaneoliveira/status/1025727902690750464
Mari_Jurema;2018-08-03 22:06;8;8;"Já vai tarde, essa traidora! http:// elpais.com/Comentario/153 3332678-ff485e7875bf982da457dcad1be92d08 …";;;;"1025548501562863616";https://twitter.com/Mari_Jurema/status/1025548501562863616
cartamaior;2018-08-03 21:17;8;16;"Página 12 - Argentina - PÁGINA 12, Argentina - O candidato de um governo impopular: Henrique Meirelles . https:// bit.ly/2OIZPaP pic.twitter.com/A6mhv6l1ac";;;;"1025536191993708545";https://twitter.com/cartamaior/status/1025536191993708545
abdalafarah;2018-08-03 00:06;205;900;"Candidatos e Vice Candidatos à Presidência: - Geraldo Alckmin e Ana Amélia. - Jair Bolsonaro e Janaína Paschoal. - Henrique Meirelles e Marta Suplicy. Motorista, vou descer na próxima parada, por favor!";;;;"1025216318235127808";https://twitter.com/abdalafarah/status/1025216318235127808
Adrieli_S;2018-08-02 23:16;3193;5786;"A Emenda Constitucional 95 é apoiada pelos seguintes presidenciáveis: Álvaro Dias Geraldo Alckmin Henrique Meirelles João Amoêdo Jair Bolsonaro SEMPRE BOM LEMBRAR QUEM ESTÁ JOGANDO A PÁ DE TERRA NA CIÊNCIA, INOVAÇÃO, PESQUISA E TECNOLOGIA DO PAÍS.";;;;"1025203814238957568";https://twitter.com/Adrieli_S/status/1025203814238957568
psamarco_BR;2018-08-02 21:19;17;28;"A candidatura de Henrique Meirelles é apenas para afastar a imagem do Temer em apoio a Alckmin. Vai ser tipo aquela combinação do pastor Everaldo, que ganhou dinheiro para fazer perguntas favoráveis a Aécio Neves. Essa turma do golpe não dá ponto sem nó. #Jn #JornalNacional";;;#Jn #JornalNacional;"1025174339551932417";https://twitter.com/psamarco_BR/status/1025174339551932417
sensacionalista;2018-08-02 15:41;366;1714;"Henrique Meirelles mostra que não entende de economia ao gastar dinheiro com candidatura de Henrique Meirelles pic.twitter.com/DMyWmE9V5z";;;;"1025089177317044224";https://twitter.com/sensacionalista/status/1025089177317044224
mdbrs15;2018-08-04 17:22;5;17;"O ex-governador do Rio Grande do Sul, Germano Rigotto, foi oficializado como candidato a vice-presidente na chapa emedebista com Henrique Meirelles .";;;;"1025839500461830150";https://twitter.com/mdbrs15/status/1025839500461830150
Carolina_Bahia;2018-08-04 16:50;4;49;"“Que Deus me Ilumine”, afirma Rigotto, ao falar pela primeira vez como vice na chapa de Henrique Meirelles . @GauchaZH";;@GauchaZH;;"1025831369753145344";https://twitter.com/Carolina_Bahia/status/1025831369753145344
compgirodivite;2018-08-04 14:25;1;0;"Henrique Meirelles escolhe Germano Rigotto para vice na chapa do MDB à Presidência http:// dlvr.it/Qdppc6 pic.twitter.com/qKtg5phHg1";;;;"1025794921641345025";https://twitter.com/compgirodivite/status/1025794921641345025
Thiago_Nolascoo;2018-08-04 13:17;0;3;"MDB oficializa candidatura de Henrique Meirelles à Presidência veja na reportagem de @ThiagoNolascoo . @sbtjornalismo @jsbtnoticias @SBTonline pic.twitter.com/7HkpqWJZEN";;@ThiagoNolascoo @sbtjornalismo @jsbtnoticias @SBTonline;;"1025777793764937731";https://twitter.com/Thiago_Nolascoo/status/1025777793764937731
frednavarro;2018-08-04 12:42;3;15;"A vaidade e o ego de Henrique Meirelles são maiores do que sua fortuna. Como se diz no Nordeste, é um candidato “alinhado que só meio-fio”.";;;;"1025768999022284801";https://twitter.com/frednavarro/status/1025768999022284801
lcportinho;2018-08-04 11:42;11;10;"A Emenda Constitucional 95 é apoiada pelos seguintes presidenciáveis: Álvaro Dias Geraldo Alckmin Henrique Meirelles João Amoêdo Jair Bolsonaro SEMPRE BOM LEMBRAR QUEM ESTÁ JOGANDO A PÁ DE TERRA NA CIÊNCIA, INOVAÇÃO, PESQUISA E TECNOLOGIA DO PAÍS.";;;;"1025753852287635456";https://twitter.com/lcportinho/status/1025753852287635456
Carolina_Bahia;2018-08-04 09:56;6;25;"Atenção: MDB gaúcho recebe a informação de que Henrique Meirelles participa amanhã da convenção do partido no Estado. Expectativa que confirme Rigotto como vice na chapa presidencial @GauchaZH";;@GauchaZH;;"1025727113805131777";https://twitter.com/Carolina_Bahia/status/1025727113805131777
djairgalvao;2018-08-03 23:57;3;6;"E o Henrique Meirelles não passa de um biombo para tentar escamotear ligação direta entre Temer-Alckmin";;;;"1025576526761394176";https://twitter.com/djairgalvao/status/1025576526761394176
elpais_brasil;2018-08-03 19:10;7;49;"Marta Suplicy diz não a Henrique Meirelles e dá adeus à política http:// ow.ly/XoCQ30lghZm pic.twitter.com/vYU5bLkdZ8";;;;"1025504105844944897";https://twitter.com/elpais_brasil/status/1025504105844944897
PeHSalerno;2018-08-03 15:57;2;8;"quando você achar que está desperdiçando dinheiro lembre que o Henrique Meirelles tá bancando a própria campanha sendo que o MDB recebeu 234 milhões de fundo partidário";;;;"1025455599033745409";https://twitter.com/PeHSalerno/status/1025455599033745409
RAM_MAIS;2018-08-03 15:16;3;7;"Mas essa é a política do DESgoverno Temer, do seu candidato Henrique Meirelles e do candidato Geraldo Alckmin. Para os políticos desse país quanto mais ignorante e burro o povo melhor para eles e para a corrupção. Estão vendendo o Brasil e de brinde ganha os escravos.";;;;"1025445369835147265";https://twitter.com/RAM_MAIS/status/1025445369835147265
BernardoMF;2018-08-03 09:34;147;521;"A convenção do MDB produziu momentos de humor involuntário. Romero Jucá pregou o fim dos conchavos e Henrique Meirelles disse que confiança “não se compra, se conquista” https:// blogs.oglobo.globo.com/bernardo-mello -franco/post/o-preco-da-confianca-do-mdb-em-meirelles.html …";;;;"1025359350024597504";https://twitter.com/BernardoMF/status/1025359350024597504
Fiodanavalha1;2018-08-03 02:08;3;2;"Henrique Meirelles melhorou a dicção, foi notável tanto que meu pai reparou srsrs. Ele me disse: "O Meirelles está falando sem chiaço".";;;;"1025246905914335232";https://twitter.com/Fiodanavalha1/status/1025246905914335232
itsguses;2018-08-02 23:22;74;106;"• Candidatos a favor da PEC do teto dos gastos públicos (que causou a CAPES a suspender as bolsas de pesquisa em 2019): Jair Bolsonaro Geraldo Alckmin Henrique Meirelles Álvaro Dias • Candidatos contrários à PEC: Ciro Gomes Manuela D'ávila Guilherme Boulos Marina Silva";;;;"1025205311580323840";https://twitter.com/itsguses/status/1025205311580323840
SemperFI1122;2018-08-02 17:57;2;2;"Se gritar pega ladrao nessa convencao d merda ...,nao fica um!Nao adianta tirar o P de PMDB.Vcs saem da lama,mas o esterco permanece em vcs! " Henrique Meirelles "";;;;"1025123424677650433";https://twitter.com/SemperFI1122/status/1025123424677650433
PolitzOficial;2018-08-02 16:27;25;75;"#ATENÇÃO para nova Pesquisa CNI/IBOPE: Bolsonaro continua liderando corrida presidencial. Jair Bolsonaro: 17% Marina Silva: 13% Ciro Gomes: 8% Geraldo Alckmin: 6% Alvaro Dias: 3% Fernando Haddad: 2% Henrique Meirelles : 1% http://www. politz.com.br/?p=3485 pic.twitter.com/HmG57yZ3F0";;;#ATEN;"1025100708939554821";https://twitter.com/PolitzOficial/status/1025100708939554821
rodrigo__goes;2018-08-02 14:37;5;5;"O presidente perdeu a linha. Olha o tom: "Nossos adversários são uns pobres coitados. Como não têm projeto, vão para a baixaria. Nós não somos pigmeus. O MDB é feito de gigantes". Michel Temer, sobre a candidatura de Henrique Meirelles .";;;;"1025073230808276996";https://twitter.com/rodrigo__goes/status/1025073230808276996
Luizmelo50;2018-08-02 11:58;2;4;"Henrique Meirelles ainda insiste na sua candidatura. Eu queria ter o otimismo que esse homem tem.";;;;"1025033087405764608";https://twitter.com/Luizmelo50/status/1025033087405764608
VouComMeirelles;2018-08-02 11:07;4;10;"#ChamaOMeirelles Henrique Meirelles rumo a vitória! pic.twitter.com/RpQZF0nCg2";;;#ChamaOMeirelles;"1025020289237897218";https://twitter.com/VouComMeirelles/status/1025020289237897218
portaljovempan;2018-08-02 10:30;8;21;"MDB sonda Marta Suplicy para vaga de vice de Henrique Meirelles : https:// buff.ly/2OEPn4q pic.twitter.com/RHnXhQufIP";;;;"1025010981724979201";https://twitter.com/portaljovempan/status/1025010981724979201
expeditopaz;2018-08-03 08:50;2;3;"Um negócio que tô tentando processar desde ontem. Disseram na Globo News que o Henrique Meirelles ganhou cerca de CENTO E OITENTA MILHÕES DE REAIS durante o período em que foi do conselho da JBS. Dá quase uma Mega da Virada. É dinheiro demais.";;;;"1025348179498291202";https://twitter.com/expeditopaz/status/1025348179498291202
correio_dopovo;2018-08-03 08:30;3;6;"Rigotto pode ser vice de Henrique Meirelles na Presidência http:// bit.ly/2vzFz2R pic.twitter.com/vN3vQKQ9R7";;;;"1025343063282143233";https://twitter.com/correio_dopovo/status/1025343063282143233
g1;2018-08-02 22:45;6;27;"Em convenção, PHS decide apoiar a candidatura de Henrique Meirelles à Presidência https:// glo.bo/2vDvq5l #G1 pic.twitter.com/a3hwMtGMGk";;;#G1;"1025195798919708672";https://twitter.com/g1/status/1025195798919708672
rosaneoliveira;2018-08-02 19:49;18;75;"Germano Rigotto está sendo cotado para concorrer a vice de Henrique Meirelles . Se for confirmado, Rio Grande do Sul terá uma candidata a presidente (Manuela) e dois a vice (Ana Amélia e Rigotto).";;;;"1025151557598371840";https://twitter.com/rosaneoliveira/status/1025151557598371840
frednavarro;2018-08-02 17:03;2;6;"Sugestão de slogan p/ Henrique Meirelles : “Basta de intermediários! Melhor um banqueiro nutrido do que um político faminto.”";;;;"1025109864803127299";https://twitter.com/frednavarro/status/1025109864803127299
afpfr;2018-08-02 16:51;6;9;"Brésil: Henrique Meirelles , candidat des marchés, vient d'entrer officiellement dans la course à la présidentielle brésilienne, qui aura lieu en octobre prochain, promettant de restaurer "l'esprit de confiance" du pays http:// u.afp.com/onfM #AFP pic.twitter.com/rpBUb11Jgf";;;#AFP;"1025106712162791424";https://twitter.com/afpfr/status/1025106712162791424
manubarem;2018-08-02 16:49;5;31;"ja pensou se a gente ta achando que é super simpatico e querido e na vdd ta meio henrique meirelles";;;;"1025106447204593670";https://twitter.com/manubarem/status/1025106447204593670
Low__easy;2018-08-02 16:48;11;32;"Henrique Meirelles , o guru dos investidores, vai aplicar seu 'dinheirinho', bancando sua própria campanha, para Presidente do Brasil. Moral da história: Política é um grande inve$timento.";;;;"1025106005942829057";https://twitter.com/Low__easy/status/1025106005942829057
igorgadelham;2018-08-02 16:31;5;17;"PHS decidiu há pouco fechar aliança com o ex-ministro Henrique Meirelles , candidato do MDB ao Planalto. É o primeiro partido a anunciar apoio ao emedebista. #Eleiçoes2018";;;#Elei;"1025101728935555072";https://twitter.com/igorgadelham/status/1025101728935555072
GloboNews;2018-08-02 15:57;6;48;"MDB oficializa candidatura de Henrique Meirelles à Presidência da República: https:// glo.bo/2O5FlId #GloboNews pic.twitter.com/wZ7WYYYvQP";;;#GloboNews;"1025093360523124736";https://twitter.com/GloboNews/status/1025093360523124736
agenciabrasil;2018-08-02 15:12;0;1;"#EN | Brazil former Finance Minister Henrique Meirelles to run for president. https:// bit.ly/2KmbBVa pic.twitter.com/NbaWwlhNHz";;;#EN;"1025081814099144704";https://twitter.com/agenciabrasil/status/1025081814099144704
nelsonfreirern;2018-08-02 13:26;0;0;"Blog http://www. pontodevistaonline.com.br/mdb-aprova-hen rique-meirelles-como-candidato-a-presidencia/#.W2MwtqkkwXY.twitter …";;;#;"1025055257817169920";https://twitter.com/nelsonfreirern/status/1025055257817169920
revvinteeum;2018-08-02 13:11;1;7;"Michel Temer vota em convenção do MDB que aprovou a candidatura de Henrique Meirelles . pic.twitter.com/bJ6DzCWoaI";;;;"1025051394393423872";https://twitter.com/revvinteeum/status/1025051394393423872
MovAvanteBrasil;2018-08-02 12:40;5;6;"MDB aprova Henrique Meirelles como candidato à Presidência com 85% dos votos https:// g1.globo.com/politica/eleic oes/2018/noticia/2018/08/02/em-convencao-mdb-aprova-henrique-meirelles-como-candidato-a-presidencia.ghtml?utm_source=push&utm_medium=app&utm_campaign=pushg1 …";;;;"1025043619462479877";https://twitter.com/MovAvanteBrasil/status/1025043619462479877
bnbjornalismo;2018-08-02 12:40;2;4;"#Eleições2018 : Henrique Meirelles é oficializado como candidato do MDB à presidência da República";;;#Elei;"1025043573392265216";https://twitter.com/bnbjornalismo/status/1025043573392265216
RegCostaeSilva;2018-08-02 10:15;2;16;"Fake news! Ele já entrevistou: Ciro Gomes; Geraldo Alckmin; Henrique Meirelles ; ontem foi Boullos.";;;;"1025007192657805314";https://twitter.com/RegCostaeSilva/status/1025007192657805314
filipecoutinho;2018-08-01 23:33;222;403;"Sobre a fortuna de Henrique Meirelles no exterior, citada há pouco por Ciro Gomes na #GNEleicoes2018 , aqui está a reportagem que fiz no ano passado: https://www. buzzfeed.com/filipecoutinho /meirelles-consultoria-217-milhoes …";;;#GNEleicoes2018;"1024845713828667392";https://twitter.com/filipecoutinho/status/1024845713828667392
malugaspar;2018-08-01 23:30;12;43;"Sobre autonomia do BC: foi governado pelo Banco de Boston, diz Ciro. Está falando de Henrique Meirelles , é claro. Presidente do Banco Central o governo Lula, que ele apoiou. É, o mundo gira e a lusitana roda.";;;;"1024844807380918272";https://twitter.com/malugaspar/status/1024844807380918272
ederianismo;2018-08-01 23:30;5;12;"Hahahahahaha, " Henrique Meirelles guarda dinheiro em paraíso fiscal e presidiu o banco central".";;;;"1024844740355862534";https://twitter.com/ederianismo/status/1024844740355862534
canalempizza;2018-08-02 13:01;1;2;"MDB (antigo PMDB) confira candidatura de Henrique Meirelles . É a primeira vez desde 1994 que o partido lançará um candidato para a presidência. pic.twitter.com/faZnkvuNLx";;;;"1025048918533521412";https://twitter.com/canalempizza/status/1025048918533521412
RenovaMidia;2018-08-02 13:00;6;20;"#Brasil : A convenção nacional do MDB confirmou Henrique Meirelles como candidato ao Planalto https:// goo.gl/shXquB pic.twitter.com/yVCzE5UZP0";;;#Brasil;"1025048687666491392";https://twitter.com/RenovaMidia/status/1025048687666491392
meirelles;2018-08-02 12:52;24;168;"AO VIVO! Henrique Meirelles é aprovado na Convenção do @MDB_Nacional e agora é oficialmente candidato a Presidente do Brasil!! #ChamaOMeirelles https:// twitter.com/MDB_Nacional/s tatus/1025042866513440768 …";;@MDB_Nacional;#ChamaOMeirelles;"1025046693165916160";https://twitter.com/meirelles/status/1025046693165916160
LGCamelier;2018-08-02 12:51;2;5;"Para tristeza do Renan e seu bando, Meirelles foi confirmado candidato à Presidência pelo o MDB! https:// g1.globo.com/politica/eleic oes/2018/noticia/2018/08/02/em-convencao-mdb-aprova-henrique-meirelles-como-candidato-a-presidencia.ghtml …";;;;"1025046472922984453";https://twitter.com/LGCamelier/status/1025046472922984453
revvinteeum;2018-08-02 12:36;3;8;"#Eleições2018 - Henrique Meirelles vence oposição interna na convenção do MDB com 85% dos votos dos 419 votantes e é confirmado candidato do MDB ao Planalto. pic.twitter.com/vWoyZ4oyGA";;;#Elei;"1025042619678842880";https://twitter.com/revvinteeum/status/1025042619678842880
g1politica;2018-08-02 12:36;6;13;"Em convenção, MDB aprova Henrique Meirelles como candidato à Presidência https:// glo.bo/2n7Ry3M";;;;"1025042573109473280";https://twitter.com/g1politica/status/1025042573109473280
romerojuca;2018-08-02 12:32;6;25;"O nome do candidato Henrique Meirelles foi aprovado por 85% dos 419 votantes. Ele é, portanto, o candidato do @MDB_Nacional";;@MDB_Nacional;;"1025041685699612678";https://twitter.com/romerojuca/status/1025041685699612678
cafejornal;2018-08-02 12:00;2;4;"O MDB lança nesta quinta-feira a candidatura de Henrique Meirelles à Presidência. Enquanto os partidos se movimentam, o PT ainda espera o julgamento do pedido de liberdade do ex-presidente Lula. pic.twitter.com/o6nKhDVDih";;;;"1025033480994865152";https://twitter.com/cafejornal/status/1025033480994865152
MDB_Nacional;2018-08-02 11:52;2;8;"O nosso candidato Henrique Meirelles acaba de chegar na Convenção Nacional pic.twitter.com/Qx4aKVR7Dt";;;;"1025031622788358146";https://twitter.com/MDB_Nacional/status/1025031622788358146
FariasSilvana;2018-08-02 07:04;0;0;"MDB de Temer lan?a candidatura do ex-banqueiro Henrique Meirelles http:// dlvr.it/QdYyJX pic.twitter.com/vSFP1v95lr";;;;"1024959020510064641";https://twitter.com/FariasSilvana/status/1024959020510064641
BrazilianReport;2018-08-01 23:31;1;4;"Ciro Gomes on #GNEleicoes2018 : "Only in #Brazil can the Finance Minister keep his money in a tax haven and people think that's ok." Mr. Gomes was referring to Henrique Meirelles , a presidential candidate. For context: https:// brazilian.report/money/2017/11/ 06/brazil-minister-paradise-papers/ …";;;#GNEleicoes2018 #Brazil;"1024845069323513863";https://twitter.com/BrazilianReport/status/1024845069323513863
BlogdoNoblat;2018-08-01 23:30;8;56;""O Banco Central foi presidido nos 8 anos de governo de Lula por Henrique Meirelles que havia sido presidente do Banco de Boston e que guardava sua poupança em um paraíso fiscal", acusa Ciro.";;;;"1024844828872466433";https://twitter.com/BlogdoNoblat/status/1024844828872466433
420towork;2018-08-01 22:19;1;7;"Já tenho meu candidato?! https:// istoe.com.br/eleito-vou-lib erar-o-uso-da-maconha/#…";;;#;"1024826870326546432";https://twitter.com/420towork/status/1024826870326546432
Videversus;2018-08-01 20:37;7;10;"A vice de Henrique Meirelles será Fátima Pelaes, presidente do MDB Mulher, ex-deputada federal pelo Amapá e secretária de Políticas para as Mulheres do governo de Michel Temer. Ela é da Assembleia de Deus. Anúncio sairá na convenção de amanhã do MDB. É fim de feira, sem dúvida. pic.twitter.com/Q6uo54a13q";;;;"1024801441813282816";https://twitter.com/Videversus/status/1024801441813282816
augustosnunes;2018-08-01 18:20;46;372;"A aliança entre PT/PSB e o lançamento das candidaturas de Manuela D'Ávila e Henrique Meirelles estão entre os assuntos de hoje do #OsPingosNosIs . Ao vivo, a partir das 18h30, na @radiojovempan";;@radiojovempan;#OsPingosNosIs;"1024766807394148355";https://twitter.com/augustosnunes/status/1024766807394148355
tlmota;2018-08-01 16:51;6;59;"henrique meirelles : "se eleito, vou liberar o uso da maconha" que adianta liberar a maconha e escravizar o trabalhador SEU MERDA";;;;"1024744573086650369";https://twitter.com/tlmota/status/1024744573086650369
diegocborbanews;2018-08-01 16:06;4;9;"olha aí, Meirelles querendo curtir um Reggae. https:// istoe.com.br/eleito-vou-lib erar-o-uso-da-maconha/ …";;;;"1024733165909430272";https://twitter.com/diegocborbanews/status/1024733165909430272
mvsmotta;2018-08-01 11:22;113;387;""Um jantar reuniu anteontem 250 convidados — 5 mil reais por cabeça — na Casa Fasano, em São Paulo. Foram ouvir Geraldo Alckmim, Henrique Meirelles e João Amoêdo." Com certeza três cidadãos que estão preocupados com as prestaçoes, as férias e o vale refeição do brasileiro comum.";;;;"1024661703630495745";https://twitter.com/mvsmotta/status/1024661703630495745
verdaderevista;2018-07-31 03:24;0;0;"Meirelles diz que MDB tem condi??es de vencer elei??o com chapa pura: O pr?-candidato do MDB ? Presid?ncia da Rep?blica, Henrique Meirelles , afirmou, na noite dessa segunda-feira (31) que tem condi??es de vencer a elei??o com uma chapa pura, ou seja, com… http:// dlvr.it/QdK38b pic.twitter.com/GFkIeWzUvZ";;;;"1024178875264192512";https://twitter.com/verdaderevista/status/1024178875264192512
revistavoto;2018-08-01 18:00;1;2;"Pré-candidato do MDB à Presidência, Henrique Meirelles , vai apresentar diretrizes do programa de governo na convenção do partido, nesta quinta (2), em Brasília. Em busca de uma mulher para vice, ex-ministro destacará como prioridades educação, saúde e segurança pública, #Estadao pic.twitter.com/dEhogwbGjg";;;#Estadao;"1024761823227273216";https://twitter.com/revistavoto/status/1024761823227273216
caiocavalcantii;2018-08-01 12:26;0;3;"eu não acredito que vou ter que votar no meirelles https:// istoe.com.br/eleito-vou-lib erar-o-uso-da-maconha/#…";;;#;"1024677722654756867";https://twitter.com/caiocavalcantii/status/1024677722654756867
revistacrusoe;2018-08-01 10:40;6;28;"Carlos Marun atua para emplacar a candidata a vice do ex-ministro Henrique Meirelles . https:// crusoe.com.br/diario/marun-q uer-uma-militar-na-vice-de-meirelles/ …";;;;"1024651185683345409";https://twitter.com/revistacrusoe/status/1024651185683345409
GazetadiriadoBr;2018-08-01 09:58;0;0;""PROUNI INFANTIL" - Projeto de primeiro mundo, onde o presidenciável Henrique Meirelles afirma que milhões de crianças de até 6 anos de idade de baixa renda irão estudar nas melhores escolas do Brasil. Com esse projeto milhões de mulhe leia mais no blog : https:// paulogodinho18.blogspot.com / pic.twitter.com/ETAHHyL160";;;;"1024640438433734656";https://twitter.com/GazetadiriadoBr/status/1024640438433734656
sagres730;2018-08-01 09:50;0;0;"MDB goiano fecha com Henrique Meirelles para presidente http:// sagresonline.com.br/noticias/polit ica/83522-mdb-goiano-fecha-com-henrique-meirelles-para-presidente … pic.twitter.com/HlMatmlyjA";;;;"1024638400064839681";https://twitter.com/sagres730/status/1024638400064839681
a1minutooficial;2018-08-01 08:44;0;0;"Às vésperas da convenção que irá confirmar Henrique Meirelles como candidato, o MDB desistiu de acertar alianças com algum partido de maior peso e irá para a eleição com uma chapa pura, possivelmente com uma mulher ao lado do… https:// a1minuto.com/mdb-tera-chapa -pura-e-deve-indicar-uma-mulher-para-vice-de-meirelles/ … pic.twitter.com/9UV88zAZOA";;;;"1024621852503760897";https://twitter.com/a1minutooficial/status/1024621852503760897
jornal_cultura;2018-07-31 21:30;4;6;"O presidente Michel Temer declarou apoio à candidatura de Henrique Meirelles nas eleições. O ex-ministro da Fazenda concorrerá pelo MDB na corrida presidencial. Os candidatos terão que lidar com um rombo nas contas públicas de R$ 161 bilhões. Opine com a hashtag #JornaldaCultura . pic.twitter.com/r5c2HNYWFJ";;;#JornaldaCultura;"1024452238805278720";https://twitter.com/jornal_cultura/status/1024452238805278720
otempo;2018-07-31 18:56;0;3;"Meirelles faz novo aceno a evangélicos em Brasília #meirelles #henriquemeirelles #mdb https://www. otempo.com.br/hotsites/eleiç ões-2018/meirelles-faz-novo-aceno-a-evangélicos-em-brasília-1.2007693 … pic.twitter.com/HzlWwP5jBM";;;#meirelles #henriquemeirelles #mdb;"1024413482102534144";https://twitter.com/otempo/status/1024413482102534144
MDBMulher;2018-07-31 13:24;2;2;"Presidente nacional do MDB Mulher, @fatimapelaes , aproveita Convenção Nacional, em Brasília, para promover encontro da bancada feminina, na quarta (1). O evento terá participação do presidenciável @HenriqueMeirelles . #PorMaisMulheresNaPolítica - http:// bit.ly/2KdxCFN pic.twitter.com/SocJqcKLd8";;@fatimapelaes @HenriqueMeirelles;#PorMaisMulheresNaPol;"1024330088282841088";https://twitter.com/MDBMulher/status/1024330088282841088
EderAlex;2018-07-31 11:52;0;1;"Essa propaganda política do Henrique Meirelles me lembrou um negócio pic.twitter.com/9Gkccv93c8";;;;"1024306893978775557";https://twitter.com/EderAlex/status/1024306893978775557
RomaNewsOficial;2018-07-31 11:26;0;0;"Henrique Meirelles (MDB) pagou pesquisa eleitoral do próprio bolso https:// buff.ly/2As667F pic.twitter.com/uMPjcZzuxN";;;;"1024300207117357056";https://twitter.com/RomaNewsOficial/status/1024300207117357056
raphaeldicarlo;2018-07-31 09:41;1;1;"Amoedo é um conservador que se diz liberal mas no fundo n entende nada de economia. Bastar olhar as propostas nada liberais. Se olharmos somente a economia(q p mim é o q importa) tem o Henrique Meirelles c um CV invejável";;;;"1024273756183830528";https://twitter.com/raphaeldicarlo/status/1024273756183830528